Fecha,Cantidad,tend,ciclo
2014-01-01,50,74.20538637602102,-24.205386376021025
2014-01-02,89,75.7457541605906,13.254245839409407
2014-01-03,62,77.27099357867516,-15.27099357867516
2014-01-04,82,78.77426016743931,3.2257398325606914
2014-01-05,64,80.23916509306099,-16.23916509306099
2014-01-06,60,81.65133560911347,-21.651335609113474
2014-01-07,104,82.9862494909868,21.013750509013207
2014-01-08,124,84.20585242931531,39.794147570684686
2014-01-09,98,85.28522370880151,12.71477629119849
2014-01-10,100,86.22431395637958,13.775686043620425
2014-01-11,74,87.03102053416572,-13.03102053416572
2014-01-12,73,87.7218506080534,-14.721850608053401
2014-01-13,77,88.30516695610228,-11.305166956102283
2014-01-14,103,88.78013119974197,14.219868800258027
2014-01-15,109,89.13883923105455,19.861160768945453
2014-01-16,85,89.38227436012222,-4.382274360122224
2014-01-17,96,89.52383312250787,6.476166877492133
2014-01-18,86,89.57417313229917,-3.5741731322991654
2014-01-19,59,89.54799960788236,-30.54799960788236
2014-01-20,103,89.45778390943599,13.542216090564011
2014-01-21,105,89.2969048973837,15.703095102616302
2014-01-22,77,89.06720531720573,-12.067205317205733
2014-01-23,94,88.78034234882146,5.219657651178537
2014-01-24,94,88.44043116882702,5.559568831172982
2014-01-25,93,88.05484923985047,4.945150760149531
2014-01-26,54,87.63444875503936,-33.63444875503936
2014-01-27,84,87.19317262676628,-3.193172626766284
2014-01-28,111,86.72394223693207,24.276057763067925
2014-01-29,99,86.21768323454573,12.782316765454269
2014-01-30,103,85.68049380471824,17.31950619528176
2014-01-31,111,85.12646108053897,25.873538919461026
2014-02-01,48,84.58049688646935,-36.58049688646935
2014-02-02,49,84.08368400879533,-35.08368400879533
2014-02-03,49,83.65424242324889,-34.65424242324889
2014-02-04,99,83.2884648030565,15.711535196943501
2014-02-05,85,82.96098491993013,2.0390150800698734
2014-02-06,47,82.65625625507984,-35.65625625507984
2014-02-07,125,82.36000667414072,42.63999332585928
2014-02-08,102,82.03567888258846,19.964321117411544
2014-02-09,106,81.67336558172742,24.326634418272576
2014-02-10,103,81.27563717356033,21.724362826439673
2014-02-11,34,80.8602682066013,-46.860268206601305
2014-02-12,68,80.45861095613108,-12.458610956131082
2014-02-13,96,80.07273002980119,15.927269970198807
2014-02-14,101,79.69690340341558,21.303096596584425
2014-02-15,71,79.33536359650951,-8.33536359650951
2014-02-16,71,79.00565756399116,-8.005657563991164
2014-02-17,71,78.72012265852084,-7.720122658520836
2014-02-18,85,78.48609269678133,6.513907303218673
2014-02-19,71,78.30607641879384,-7.306076418793836
2014-02-20,94,78.18665375664403,15.813346243355966
2014-02-21,78,78.12983834465581,-0.12983834465580912
2014-02-22,74,78.14752715855522,-4.147527158555221
2014-02-23,57,78.25153602510295,-21.25153602510295
2014-02-24,64,78.45108856658557,-14.451088566585568
2014-02-25,58,78.74212619527393,-20.742126195273926
2014-02-26,83,79.11155839308475,3.8884416069152508
2014-02-27,82,79.53333081306275,2.466669186937253
2014-02-28,86,79.98381938425695,6.016180615743053
2014-03-01,83,80.44094170395819,2.559058296041812
2014-03-02,93,80.88637548234215,12.113624517657854
2014-03-03,56,81.30339784101947,-25.303397841019475
2014-03-04,85,81.68285691692437,3.317143083075635
2014-03-05,85,81.99978622334038,3.0002137766596206
2014-03-06,94,82.23129248797801,11.76870751202199
2014-03-07,107,82.35635757215817,24.643642427841826
2014-03-08,75,82.36131877939678,-7.3613187793967825
2014-03-09,102,82.24791568972717,19.752084310272835
2014-03-10,144,82.0132870589456,61.98671294105441
2014-03-11,37,81.66691669554231,-44.66691669554231
2014-03-12,67,81.25703010359567,-14.257030103595667
2014-03-13,84,80.80393596424938,3.1960640357506236
2014-03-14,73,80.31903231483236,-7.319032314832356
2014-03-15,79,79.81571473269587,-0.8157147326958665
2014-03-16,57,79.30280439999447,-22.30280439999447
2014-03-17,83,78.78861267717483,4.211387322825175
2014-03-18,89,78.26751167193355,10.732488328066452
2014-03-19,100,77.73650560904397,22.263494390956026
2014-03-20,87,77.19930651848449,9.80069348151551
2014-03-21,80,76.6735411142279,3.326458885772098
2014-03-22,67,76.18296154367295,-9.182961543672945
2014-03-23,54,75.75339899102192,-21.753398991021925
2014-03-24,45,75.40494528951237,-30.40494528951237
2014-03-25,86,75.14409639801241,10.855903601987592
2014-03-26,64,74.95834518458426,-10.95834518458426
2014-03-27,69,74.8419694570414,-5.841969457041401
2014-03-28,95,74.78239805745692,20.217601942543084
2014-03-29,76,74.76340859699323,1.23659140300677
2014-03-30,36,74.78141468802689,-38.781414688026885
2014-03-31,70,74.83360281256131,-4.83360281256131
2014-04-01,73,74.89292106841992,-1.8929210684199234
2014-04-02,94,74.92929655166833,19.07070344833167
2014-04-03,70,74.91147328270426,-4.911473282704264
2014-04-04,107,74.82011447158065,32.17988552841935
2014-04-05,54,74.63281365754878,-20.63281365754878
2014-04-06,93,74.34727680831516,18.652723191684842
2014-04-07,93,73.94831438305033,19.05168561694967
2014-04-08,88,73.43239479291967,14.567605207080334
2014-04-09,96,72.8078937525991,23.1921062474009
2014-04-10,88,72.09229173001903,15.907708269980972
2014-04-11,75,71.31756425951443,3.682435740485573
2014-04-12,69,70.52562919308903,-1.5256291930890313
2014-04-13,51,69.76070590508438,-18.76070590508438
2014-04-14,58,69.06606025159634,-11.06606025159634
2014-04-15,70,68.4732326475301,1.5267673524699035
2014-04-16,68,68.00684722013352,-0.006847220133522569
2014-04-17,38,67.6924823262498,-29.692482326249802
2014-04-18,32,67.55571204320948,-35.55571204320948
2014-04-19,42,67.60355264688924,-25.60355264688924
2014-04-20,55,67.82079809313879,-12.82079809313879
2014-04-21,82,68.17624011740352,13.823759882596477
2014-04-22,76,68.63065745632062,7.36934254367938
2014-04-23,81,69.1534686964539,11.8465313035461
2014-04-24,69,69.71869826345696,-0.7186982634569574
2014-04-25,97,70.30777466504816,26.692225334951843
2014-04-26,72,70.90167722253116,1.0983227774688373
2014-04-27,53,71.49806789804394,-18.498067898043942
2014-04-28,74,72.0952951054604,1.9047048945396057
2014-04-29,93,72.68014596621816,20.319854033781837
2014-04-30,88,73.24059804231402,14.75940195768598
2014-05-01,37,73.77732880451578,-36.777328804515776
2014-05-02,82,74.30024034981483,7.699759650185172
2014-05-03,60,74.79624894469968,-14.796248944699684
2014-05-04,78,75.25708320544027,2.742916794559733
2014-05-05,94,75.6652240927161,18.3347759072839
2014-05-06,79,76.00486689020326,2.9951331097967397
2014-05-07,75,76.2716661165199,-1.2716661165198957
2014-05-08,83,76.46314824847786,6.536851751522136
2014-05-09,116,76.57604497156618,39.423955028433824
2014-05-10,59,76.61117350361855,-17.611173503618545
2014-05-11,71,76.59399103436147,-5.593991034361466
2014-05-12,60,76.53894777008168,-16.538947770081677
2014-05-13,81,76.4569976726694,4.543002327330598
2014-05-14,82,76.34875786165864,5.65124213834136
2014-05-15,89,76.21768483303791,12.782315166962093
2014-05-16,69,76.07076710913222,-7.07076710913222
2014-05-17,69,75.92298215924595,-6.922982159245947
2014-05-18,56,75.78488822324024,-19.784888223240245
2014-05-19,69,75.66271667712672,-6.662716677126724
2014-05-20,83,75.55033334177745,7.449666658222554
2014-05-21,90,75.43743984014137,14.562560159858634
2014-05-22,77,75.3183938368288,1.681606163171196
2014-05-23,93,75.19665459654999,17.80334540345001
2014-05-24,78,75.07673238786717,2.9232676121328325
2014-05-25,38,74.9742645702197,-36.9742645702197
2014-05-26,74,74.90671554530456,-0.9067155453045643
2014-05-27,72,74.8684407994623,-2.868440799462306
2014-05-28,85,74.8532291218176,10.146770878182394
2014-05-29,82,74.85307652599548,7.146923474004524
2014-05-30,77,74.86632075741976,2.133679242580243
2014-05-31,60,74.89576638868552,-14.895766388685516
2014-06-01,36,74.94555154191448,-38.94555154191448
2014-06-02,112,75.01050448523546,36.98949551476454
2014-06-03,57,75.06111251706359,-18.06111251706359
2014-06-04,55,75.09098137051083,-20.090981370510832
2014-06-05,73,75.08242858336592,-2.0824285833659246
2014-06-06,85,75.00521483006102,9.994785169938979
2014-06-07,72,74.82779926716371,-2.827799267163712
2014-06-08,122,74.52488779197276,47.47511220802724
2014-06-09,100,74.06941892724493,25.930581072755075
2014-06-10,102,73.46400314086699,28.535996859133007
2014-06-11,83,72.72745751389616,10.272542486103845
2014-06-12,50,71.89643412542662,-21.896434125426623
2014-06-13,76,71.01400539360642,4.985994606393575
2014-06-14,58,70.1095584652552,-12.109558465255205
2014-06-15,52,69.21559673382166,-17.215596733821656
2014-06-16,65,68.3570551187137,-3.3570551187137028
2014-06-17,64,67.5481087913806,-3.5481087913805993
2014-06-18,73,66.80083476382242,6.199165236177578
2014-06-19,75,66.12509248004463,8.874907519955372
2014-06-20,78,65.53461586232528,12.465384137674718
2014-06-21,58,65.0486856501424,-7.048685650142403
2014-06-22,46,64.69437344806,-18.694373448060006
2014-06-23,32,64.49434543211076,-32.49434543211076
2014-06-24,75,64.45958379492231,10.54041620507769
2014-06-25,64,64.58076176322729,-0.5807617632272866
2014-06-26,73,64.85514032388649,8.144859676113512
2014-06-27,75,65.27961748765873,9.720382512341274
2014-06-28,56,65.85618180260035,-9.856181802600346
2014-06-29,38,66.59289705583797,-28.592897055837966
2014-06-30,43,67.49166692087154,-24.491666920871538
2014-07-01,69,68.53652451054111,0.4634754894588866
2014-07-02,83,69.69619564586124,13.303804354138762
2014-07-03,78,70.93969582002734,7.060304179972661
2014-07-04,64,72.24435540395619,-8.244355403956192
2014-07-05,102,73.59191745867702,28.408082541322983
2014-07-06,73,74.95897232309156,-1.958972323091558
2014-07-07,87,76.33986538768988,10.660134612310117
2014-07-08,84,77.72771768526013,6.2722823147398685
2014-07-09,52,79.12231283272314,-27.12231283272314
2014-07-10,97,80.52735462344647,16.47264537655353
2014-07-11,84,81.92959540527724,2.07040459472276
2014-07-12,33,83.32608292942294,-50.32608292942294
2014-07-13,67,84.71515894996278,-17.715158949962785
2014-07-14,87,86.0637114191451,0.9362885808549066
2014-07-15,122,87.32755631487439,34.672443685125614
2014-07-16,106,88.46309479541827,17.53690520458173
2014-07-17,99,89.44839829634748,9.551601703652523
2014-07-18,125,90.2724988189856,34.727501181014404
2014-07-19,95,90.93039811572095,4.069601884279052
2014-07-20,67,91.43880262718002,-24.438802627180024
2014-07-21,91,91.816962295167,-0.8169622951670021
2014-07-22,90,92.0688528098441,-2.0688528098441026
2014-07-23,112,92.19793925993906,19.802060740060938
2014-07-24,88,92.20639370117344,-4.20639370117344
2014-07-25,88,92.10876447723129,-4.10876447723129
2014-07-26,101,91.91697093573347,9.083029064266526
2014-07-27,64,91.64036444650252,-27.640364446502517
2014-07-28,104,91.2939732725261,12.706026727473898
2014-07-29,89,90.87555044901282,-1.8755504490128203
2014-07-30,113,90.39079027787584,22.609209722124163
2014-07-31,100,89.84421484199771,10.155785158002288
2014-08-01,75,89.25447698033732,-14.254476980337316
2014-08-02,100,88.64657689757732,11.353423102422681
2014-08-03,61,88.0366057502877,-27.036605750287706
2014-08-04,78,87.44775058447745,-9.447750584477447
2014-08-05,90,86.88630056756165,3.1136994324383522
2014-08-06,60,86.35264002284009,-26.35264002284009
2014-08-07,88,85.84909933575784,2.150900664242158
2014-08-08,106,85.3615384917457,20.638461508254295
2014-08-09,113,84.87716178914971,28.12283821085029
2014-08-10,90,84.39607256475844,5.603927435241559
2014-08-11,74,83.93595092924234,-9.935950929242338
2014-08-12,29,83.51797944791882,-54.51797944791882
2014-08-13,95,83.15713071677459,11.842869283225411
2014-08-14,97,82.83430359464143,14.165696405358574
2014-08-15,97,82.5377987336531,14.462201266346895
2014-08-16,82,82.26477034619677,-0.2647703461967694
2014-08-17,62,82.02141152045103,-20.021411520451025
2014-08-18,58,81.81374986312808,-23.81374986312808
2014-08-19,85,81.63529959873983,3.3647004012601656
2014-08-20,92,81.46469135813376,10.535308641866237
2014-08-21,89,81.28265870990806,7.717341290091937
2014-08-22,113,81.07651979056216,31.92348020943784
2014-08-23,81,80.83841607490182,0.16158392509818498
2014-08-24,65,80.58044121286369,-15.58044121286369
2014-08-25,75,80.31478984433761,-5.314789844337611
2014-08-26,92,80.04391883345542,11.956081166544578
2014-08-27,91,79.76696330069626,11.233036699303739
2014-08-28,90,79.49053091726833,10.50946908273167
2014-08-29,89,79.22825000231691,9.771749997683088
2014-08-30,68,79.00031729316393,-11.000317293163931
2014-08-31,60,78.8330368708799,-18.833036870879894
2014-09-01,89,78.74583761822706,10.254162381772943
2014-09-02,54,78.74637776992333,-24.746377769923328
2014-09-03,46,78.84872441217513,-32.84872441217513
2014-09-04,80,79.05147814508277,0.9485218549172316
2014-09-05,81,79.33270911598888,1.6672908840111234
2014-09-06,79,79.67108029839538,-0.6710802983953812
2014-09-07,99,80.04629672260673,18.953703277393274
2014-09-08,86,80.43764399374083,5.562356006259165
2014-09-09,115,80.83625378146414,34.16374621853586
2014-09-10,94,81.23673422794693,12.763265772053074
2014-09-11,44,81.65504581674608,-37.65504581674608
2014-09-12,58,82.11512607252605,-24.115126072526053
2014-09-13,90,82.61737811631579,7.382621883684209
2014-09-14,56,83.14713311534894,-27.147133115348936
2014-09-15,92,83.69433637553647,8.305663624463534
2014-09-16,93,84.23196624459224,8.768033755407757
2014-09-17,93,84.73819210999542,8.261807890004576
2014-09-18,95,85.19666338032229,9.803336619677708
2014-09-19,104,85.59619309408033,18.403806905919666
2014-09-20,92,85.93172137516433,6.068278624835671
2014-09-21,48,86.20969072678528,-38.20969072678528
2014-09-22,87,86.4403363262947,0.5596636737053018
2014-09-23,101,86.61001229433988,14.389987705660118
2014-09-24,100,86.70542254136416,13.294577458635843
2014-09-25,106,86.72226472012692,19.277735279873085
2014-09-26,90,86.6645455942992,3.3354544057008013
2014-09-27,73,86.54832051210202,-13.548320512102023
2014-09-28,50,86.39172948075993,-36.391729480759935
2014-09-29,89,86.20444480717744,2.7955551928225617
2014-09-30,94,85.97339396733358,8.026606032666422
2014-10-01,106,85.6872516592029,20.3127483407971
2014-10-02,85,85.33970920953038,-0.3397092095303833
2014-10-03,90,84.93715341277397,5.0628465872260335
2014-10-04,85,84.48575874513567,0.5142412548643307
2014-10-05,69,83.99486396193453,-14.994863961934527
2014-10-06,80,83.47412921927382,-3.47412921927382
2014-10-07,111,82.92384288328067,28.07615711671933
2014-10-08,56,82.34212198932019,-26.34212198932019
2014-10-09,90,81.74463117095542,8.255368829044585
2014-10-10,114,81.13057123550614,32.86942876449386
2014-10-11,60,80.50430259581023,-20.50430259581023
2014-10-12,67,79.89072905768337,-12.890729057683373
2014-10-13,47,79.30193923781889,-32.301939237818885
2014-10-14,88,78.74196504724898,9.258034952751018
2014-10-15,92,78.19464968498224,13.805350315017762
2014-10-16,99,77.6496226218727,21.350377378127305
2014-10-17,92,77.10514167272132,14.894858327278683
2014-10-18,79,76.57280863819042,2.4271913618095766
2014-10-19,50,76.07353460539687,-26.073534605396873
2014-10-20,70,75.62974765605864,-5.62974765605864
2014-10-21,78,75.24757991276537,2.7524200872346256
2014-10-22,80,74.92964490582168,5.070355094178325
2014-10-23,73,74.68027642808664,-1.6802764280866427
2014-10-24,73,74.50697724435325,-1.5069772443532514
2014-10-25,52,74.41619994664691,-22.416199946646913
2014-10-26,63,74.4134552662153,-11.413455266215294
2014-10-27,67,74.49024380933939,-7.49024380933939
2014-10-28,75,74.63093277275885,0.36906722724114616
2014-10-29,64,74.8152079508325,-10.815207950832502
2014-10-30,90,75.02298580493618,14.977014195063816
2014-10-31,70,75.22742329147653,-5.227423291476526
2014-11-01,87,75.411038000732,11.588961999267994
2014-11-02,79,75.55308038342397,3.446919616576025
2014-11-03,82,75.6400439915233,6.359956008476701
2014-11-04,77,75.6605767017613,1.3394232982386995
2014-11-05,50,75.60730136337453,-25.607301363374532
2014-11-06,82,75.47367796516099,6.526322034839012
2014-11-07,91,75.23716193256654,15.762838067433464
2014-11-08,104,74.87928764230884,29.12071235769116
2014-11-09,107,74.39144124489766,32.60855875510234
2014-11-10,80,73.78320933606639,6.216790663933608
2014-11-11,81,73.08455886077027,7.915441139229728
2014-11-12,74,72.32934225812951,1.6706577418704853
2014-11-13,65,71.55635911797634,-6.556359117976342
2014-11-14,87,70.80545319123163,16.194546808768365
2014-11-15,45,70.11237050436758,-25.112370504367576
2014-11-16,24,69.52297867561177,-45.52297867561177
2014-11-17,46,69.06745009162661,-23.06745009162661
2014-11-18,75,68.74750527740223,6.252494722597774
2014-11-19,68,68.55044760162144,-0.5504476016214426
2014-11-20,71,68.46748824216874,2.5325117578312586
2014-11-21,75,68.48949434717758,6.510505652822417
2014-11-22,58,68.60891588463005,-10.60891588463005
2014-11-23,39,68.82227188854125,-29.822271888541252
2014-11-24,65,69.11945082049839,-4.119450820498386
2014-11-25,99,69.47170222215827,29.52829777784173
2014-11-26,68,69.84770097841492,-1.8477009784149203
2014-11-27,69,70.23457716027346,-1.23457716027346
2014-11-28,71,70.6183060256275,0.38169397437249586
2014-11-29,70,70.98409122164549,-0.9840912216454853
2014-11-30,50,71.31737495422985,-21.317374954229848
2014-12-01,53,71.60298437226949,-18.60298437226949
2014-12-02,116,71.81242326530693,44.18757673469307
2014-12-03,78,71.90556855765202,6.094431442347982
2014-12-04,72,71.86991440907383,0.13008559092617134
2014-12-05,59,71.6967639989929,-12.696763998992907
2014-12-06,81,71.37750181032412,9.62249818967588
2014-12-07,92,70.89557684848297,21.104423151517025
2014-12-08,97,70.2404521802535,26.7595478197465
2014-12-09,98,69.41478113688939,28.58521886311061
2014-12-10,54,68.43794176703165,-14.437941767031646
2014-12-11,72,67.34717788111077,4.652822118889233
2014-12-12,72,66.17070957595281,5.829290424047187
2014-12-13,46,64.93966496220818,-18.939664962208184
2014-12-14,40,63.68881545704225,-23.688815457042253
2014-12-15,64,62.44109518701904,1.5589048129809626
2014-12-16,82,61.20463276904192,20.795367230958078
2014-12-17,57,59.98853113552241,-2.9885311355224076
2014-12-18,58,58.81489032339133,-0.8148903233913316
2014-12-19,72,57.70394253761984,14.296057462380162
2014-12-20,61,56.675410676726955,4.324589323273045
2014-12-21,50,55.75795267514572,-5.757952675145717
2014-12-22,64,54.982929335636214,9.017070664363786
2014-12-23,63,54.37810274053657,8.62189725946343
2014-12-24,27,53.97687064135016,-26.97687064135016
2014-12-25,23,53.8180194753675,-30.8180194753675
2014-12-26,38,53.92347513572828,-15.923475135728282
2014-12-27,52,54.29590225340013,-2.295902253400129
2014-12-28,32,54.92801328739081,-22.92801328739081
2014-12-29,58,55.81108575779973,2.188914242200269
2014-12-30,65,56.92206717642168,8.077932823578323
2014-12-31,53,58.23927312645279,-5.239273126452787
2015-01-01,38,59.74606789910394,-21.74606789910394
2015-01-02,63,61.422541239881994,1.577458760118006
2015-01-03,69,63.2351916018569,5.764808398143103
2015-01-04,85,65.15150334982368,19.848496650176315
2015-01-05,67,67.14256385382623,-0.14256385382623193
2015-01-06,70,69.19186579431482,0.8081342056851781
2015-01-07,75,71.28281274933107,3.7171872506689283
2015-01-08,52,73.39931338079518,-21.399313380795178
2015-01-09,88,75.52759959265899,12.472400407341013
2015-01-10,82,77.64052871801138,4.359471281988618
2015-01-11,41,79.71875334019575,-38.71875334019575
2015-01-12,81,81.74565071210674,-0.7456507121067375
2015-01-13,83,83.68039886580141,-0.6803988658014077
2015-01-14,100,85.48170980164167,14.51829019835833
2015-01-15,131,87.10787027069836,43.892129729301644
2015-01-16,126,88.52624095541626,37.473759044583744
2015-01-17,87,89.73161511932095,-2.7316151193209492
2015-01-18,61,90.74220712534095,-29.742207125340954
2015-01-19,85,91.57452407695517,-6.574524076955171
2015-01-20,110,92.22648419818921,17.773515801810788
2015-01-21,93,92.6918966355206,0.30810336447939335
2015-01-22,85,92.97567898280295,-7.975678982802947
2015-01-23,108,93.08294139849265,14.91705860150735
2015-01-24,78,93.01380924168183,-15.013809241681827
2015-01-25,76,92.77773103308857,-16.77773103308857
2015-01-26,100,92.3747716626549,7.625228337345106
2015-01-27,120,91.7945099384271,28.205490061572903
2015-01-28,113,91.03129043616232,21.968709563837677
2015-01-29,99,90.09708616290618,8.90291383709382
2015-01-30,110,89.01760056918172,20.982399430818276
2015-01-31,109,87.8241014266602,21.175898573339794
2015-02-01,60,86.56097050665716,-26.560970506657156
2015-02-02,89,85.28582451709644,3.7141754829035563
2015-02-03,95,84.03967955933533,10.960320440664674
2015-02-04,47,82.8658730944079,-35.8658730944079
2015-02-05,77,81.81459278362362,-4.814592783623624
2015-02-06,77,80.91361011760799,-3.9136101176079876
2015-02-07,60,80.18768746649673,-20.187687466496726
2015-02-08,41,79.65914119410199,-38.65914119410199
2015-02-09,78,79.33767035956939,-1.3376703595693868
2015-02-10,82,79.20881205879817,2.7911879412018266
2015-02-11,34,79.25726734371281,-45.25726734371281
2015-02-12,87,79.46948175870105,7.5305182412989495
2015-02-13,90,79.80361505606075,10.19638494393925
2015-02-14,89,80.22253356199064,8.777466438009355
2015-02-15,53,80.69547634327944,-27.695476343279438
2015-02-16,94,81.19716838323957,12.802831616760429
2015-02-17,101,81.68502499246887,19.31497500753113
2015-02-18,102,82.12446325132561,19.875536748674392
2015-02-19,90,82.49297209954783,7.507027900452172
2015-02-20,105,82.78046268734147,22.21953731265853
2015-02-21,65,82.98153805735024,-17.981538057350235
2015-02-22,47,83.1046884630382,-36.1046884630382
2015-02-23,105,83.14716569658366,21.852834303416344
2015-02-24,91,83.08365611987546,7.916343880124543
2015-02-25,122,82.9025041162421,39.0974958837579
2015-02-26,86,82.5970017839372,3.402998216062798
2015-02-27,125,82.18487715614165,42.81512284385835
2015-02-28,82,81.68598513992143,0.31401486007857216
2015-03-01,55,81.14694009411987,-26.14694009411987
2015-03-02,81,80.61455263686786,0.385447363132144
2015-03-03,91,80.11929154873741,10.880708451262592
2015-03-04,24,79.6918665149025,-55.6918665149025
2015-03-05,60,79.36978766331913,-19.36978766331913
2015-03-06,81,79.15575770537156,1.8442422946284438
2015-03-07,83,79.04037323515436,3.9596267648456376
2015-03-08,72,79.01538349819633,-7.015383498196329
2015-03-09,64,79.07501250675422,-15.07501250675422
2015-03-10,81,79.20909965839847,1.7909003416015281
2015-03-11,94,79.39806246788278,14.60193753211722
2015-03-12,77,79.62343776267437,-2.623437762674371
2015-03-13,95,79.87588858119798,15.124111418802016
2015-03-14,76,80.1444383132767,-4.144438313276694
2015-03-15,66,80.4275629183703,-14.427562918370299
2015-03-16,77,80.7211480819928,-3.7211480819927942
2015-03-17,70,81.01206226283419,-11.012062262834192
2015-03-18,81,81.2848482020332,-0.2848482020332028
2015-03-19,92,81.51716610181424,10.48283389818576
2015-03-20,115,81.68649813427544,33.31350186572456
2015-03-21,87,81.7768782427013,5.223121757298699
2015-03-22,60,81.79316130904243,-21.793161309042432
2015-03-23,62,81.74346666634781,-19.743466666347814
2015-03-24,132,81.62229292184827,50.37770707815173
2015-03-25,99,81.41179901610812,17.58820098389188
2015-03-26,87,81.12562995661557,5.874370043384431
2015-03-27,88,80.78842337647379,7.211576623526213
2015-03-28,76,80.42848839006307,-4.428488390063066
2015-03-29,55,80.0786413471534,-25.078641347153393
2015-03-30,69,79.768930792271,-10.768930792270993
2015-03-31,67,79.51373111910019,-12.513731119100186
2015-04-01,48,79.32068613958006,-31.32068613958006
2015-04-02,105,79.18961858370037,25.810381416299634
2015-04-03,102,79.1007757526135,22.8992242473865
2015-04-04,61,79.0505364358571,-18.050536435857097
2015-04-05,118,79.04959143812337,38.95040856187663
2015-04-06,69,79.0973499788322,-10.097349978832199
2015-04-07,70,79.21756528275463,-9.217565282754634
2015-04-08,60,79.427679730925,-19.427679730924993
2015-04-09,76,79.7393747260758,-3.739374726075795
2015-04-10,34,80.15218937110781,-46.15218937110781
2015-04-11,80,80.663325659718,-0.663325659717998
2015-04-12,93,81.2411404672464,11.758859532753604
2015-04-13,98,81.85357609049572,16.14642390950428
2015-04-14,78,82.47592411347662,-4.475924113476623
2015-04-15,97,83.09356763514319,13.906432364856812
2015-04-16,80,83.6890923018785,-3.689092301878503
2015-04-17,94,84.25377528029372,9.746224719706277
2015-04-18,77,84.77658805431122,-7.776588054311219
2015-04-19,60,85.25259349830328,-25.252593498303284
2015-04-20,97,85.6719941191082,11.328005880891794
2015-04-21,99,86.00920955262791,12.990790447372092
2015-04-22,107,86.24573943843987,20.75426056156013
2015-04-23,106,86.3712026601512,19.628797339848802
2015-04-24,87,86.38818951421997,0.6118104857800262
2015-04-25,80,86.3115582954417,-6.311558295441699
2015-04-26,48,86.15654968016543,-38.156549680165426
2015-04-27,87,85.9344596208056,1.0655403791944025
2015-04-28,94,85.63273622622648,8.367263773773516
2015-04-29,97,85.23949356802933,11.760506431970668
2015-04-30,100,84.74807525767403,15.251924742325969
2015-05-01,94,84.15917522314044,9.840824776859563
2015-05-02,117,83.48301984537233,33.516980154627674
2015-05-03,79,82.73598602079906,-3.7359860207990607
2015-05-04,46,81.95539875844658,-35.95539875844658
2015-05-05,83,81.17624807607788,1.8237519239221172
2015-05-06,95,80.411051867232,14.588948132767996
2015-05-07,57,79.6734678704004,-22.6734678704004
2015-05-08,89,78.98627191665757,10.013728083342428
2015-05-09,55,78.35806891965903,-23.358068919659033
2015-05-10,61,77.80372237311236,-16.803722373112365
2015-05-11,95,77.32349697765042,17.67650302234958
2015-05-12,77,76.90715510742288,0.09284489257711925
2015-05-13,84,76.55550695096835,7.444493049031649
2015-05-14,73,76.26942072488332,-3.269420724883318
2015-05-15,103,76.05441745391987,26.945582546080132
2015-05-16,58,75.91397477487703,-17.913974774877033
2015-05-17,37,75.86841131364505,-38.868411313645055
2015-05-18,49,75.92684946187993,-26.926849461879925
2015-05-19,90,76.07411885416654,13.925881145833458
2015-05-20,82,76.27821984417615,5.721780155823851
2015-05-21,84,76.51585646129615,7.484143538703847
2015-05-22,98,76.76730884751134,21.232691152488655
2015-05-23,71,77.01753473451825,-6.01753473451825
2015-05-24,58,77.26476228598361,-19.264762285983608
2015-05-25,70,77.50345870636512,-7.503458706365123
2015-05-26,96,77.7160507236917,18.283949276308306
2015-05-27,90,77.88027540430075,12.119724595699253
2015-05-28,83,77.98529728282742,5.014702717172582
2015-05-29,79,78.02785572177913,0.9721442782208669
2015-05-30,65,78.00782427286153,-13.007824272861527
2015-05-31,64,77.92568407795412,-13.925684077954116
2015-06-01,88,77.77378638876586,10.226213611234144
2015-06-02,87,77.53577890445695,9.464221095543053
2015-06-03,80,77.20170070769458,2.7982992923054155
2015-06-04,110,76.76750601933068,33.23249398066932
2015-06-05,99,76.23089799727481,22.76910200272519
2015-06-06,77,75.61035010817452,1.389649891825485
2015-06-07,72,74.93856650742914,-2.938566507429144
2015-06-08,75,74.24911988162035,0.750880118379655
2015-06-09,31,73.57374631326266,-42.57374631326266
2015-06-10,79,72.94465118494462,6.055348815055382
2015-06-11,89,72.36743128780904,16.63256871219096
2015-06-12,50,71.85146800600819,-21.85146800600819
2015-06-13,66,71.41653807913937,-5.416538079139372
2015-06-14,56,71.0687610792962,-15.068761079296195
2015-06-15,39,70.8108712422728,-31.810871242272796
2015-06-16,80,70.63618482818882,9.363815171811183
2015-06-17,94,70.51813630263742,23.481863697362584
2015-06-18,77,70.43601251569416,6.563987484305841
2015-06-19,76,70.38377648224547,5.616223517754534
2015-06-20,77,70.35949370935546,6.640506290644538
2015-06-21,57,70.36473984378691,-13.364739843786907
2015-06-22,71,70.40524084873418,0.5947591512658192
2015-06-23,74,70.47836972498936,3.5216302750106365
2015-06-24,73,70.58187119781402,2.4181288021859757
2015-06-25,68,70.71569101139158,-2.715691011391584
2015-06-26,77,70.88128624040688,6.1187137595931205
2015-06-27,76,71.0784166526626,4.921583347337403
2015-06-28,51,71.31066621206116,-20.310666212061165
2015-06-29,32,71.58469487209709,-39.58469487209709
2015-06-30,78,71.89446841988233,6.10553158011767
2015-07-01,90,72.20921220823377,17.790787791766235
2015-07-02,74,72.50196754720577,1.4980324527942344
2015-07-03,81,72.75689498922257,8.243105010777427
2015-07-04,88,72.9590913569915,15.040908643008507
2015-07-05,104,73.09880541385155,30.90119458614845
2015-07-06,50,73.17568649104365,-23.17568649104365
2015-07-07,81,73.2086971664251,7.791302833574903
2015-07-08,48,73.20231521379625,-25.202315213796254
2015-07-09,72,73.1658879712285,-1.1658879712285
2015-07-10,77,73.09301132978459,3.906988670215412
2015-07-11,73,72.97655250054527,0.02344749945473268
2015-07-12,84,72.81182056251019,11.188179437489808
2015-07-13,66,72.59413924936615,-6.594139249366151
2015-07-14,85,72.32582490694834,12.674175093051659
2015-07-15,83,72.00507254406108,10.994927455938921
2015-07-16,94,71.63799852894184,22.362001471058164
2015-07-17,69,71.2375910594881,-2.2375910594880963
2015-07-18,68,70.83081458451677,-2.830814584516773
2015-07-19,46,70.44323505843263,-24.443235058432634
2015-07-20,45,70.09864917652513,-25.09864917652513
2015-07-21,82,69.80557661217215,12.194423387827854
2015-07-22,69,69.55685038301623,-0.5568503830162257
2015-07-23,74,69.35292502131728,4.647074978682724
2015-07-24,81,69.19390702784582,11.806092972154175
2015-07-25,63,69.08280732523409,-6.082807325234086
2015-07-26,38,69.03001564422189,-31.03001564422189
2015-07-27,74,69.04211996097075,4.957880039029249
2015-07-28,70,69.1063144918646,0.8936855081354054
2015-07-29,63,69.21289212831174,-6.212892128311736
2015-07-30,71,69.3527043151631,1.6472956848369051
2015-07-31,75,69.51271943968938,5.487280560310623
2015-08-01,75,69.68093544896432,5.31906455103568
2015-08-02,53,69.84877984041188,-16.84877984041188
2015-08-03,58,70.01100452680038,-12.011004526800377
2015-08-04,114,70.15183093349785,43.84816906650215
2015-08-05,101,70.24797360804311,30.75202639195689
2015-08-06,46,70.30355220364154,-24.303552203641544
2015-08-07,95,70.34190638999347,24.65809361000653
2015-08-08,59,70.37118611667196,-11.371186116671964
2015-08-09,68,70.41495264175637,-2.414952641756372
2015-08-10,67,70.48966023200313,-3.489660232003132
2015-08-11,50,70.61025380876754,-20.61025380876754
2015-08-12,40,70.78949725575995,-30.789497255759954
2015-08-13,77,71.02727304806024,5.972726951939762
2015-08-14,102,71.30422022496343,30.69577977503657
2015-08-15,66,71.60471078010957,-5.604710780109571
2015-08-16,57,71.93230156949808,-14.93230156949808
2015-08-17,44,72.28704650489078,-28.28704650489078
2015-08-18,89,72.65966680956853,16.340333190431465
2015-08-19,96,73.02320430274666,22.976795697253337
2015-08-20,86,73.3609135118845,12.639086488115495
2015-08-21,77,73.67040946175213,3.3295905382478708
2015-08-22,76,73.95720660617471,2.042793393825292
2015-08-23,41,74.2289003930638,-33.228900393063796
2015-08-24,68,74.49436301620207,-6.4943630162020725
2015-08-25,85,74.74169860662656,10.258301393373443
2015-08-26,76,74.95495231848913,1.0450476815108658
2015-08-27,80,75.12458074431264,4.875419255687362
2015-08-28,87,75.24169363142084,11.758306368579156
2015-08-29,64,75.30044786417237,-11.30044786417237
2015-08-30,61,75.3023492684061,-14.302349268406104
2015-08-31,56,75.24184089004589,-19.241840890045893
2015-09-01,103,75.10442680672284,27.89557319327716
2015-09-02,103,74.86358494551176,28.13641505448824
2015-09-03,79,74.51022796673325,4.489772033266746
2015-09-04,104,74.05285379011698,29.947146209883016
2015-09-05,57,73.50276644291336,-16.502766442913355
2015-09-06,93,72.88998691875395,20.110013081246052
2015-09-07,71,72.23422198224358,-1.2342219822435823
2015-09-08,37,71.5677471561628,-34.567747156162795
2015-09-09,65,70.92206657455324,-5.9220665745532415
2015-09-10,67,70.30707952948397,-3.307079529483971
2015-09-11,79,69.72898402141497,9.271015978585027
2015-09-12,101,69.19191112610031,31.808088873899692
2015-09-13,43,68.70578630428062,-25.705786304280622
2015-09-14,49,68.30041507224269,-19.300415072242686
2015-09-15,65,67.98953682983313,-2.9895368298331277
2015-09-16,63,67.77482821747846,-4.774828217478458
2015-09-17,76,67.65609741508652,8.34390258491348
2015-09-18,83,67.63016833492927,15.369831665070734
2015-09-19,62,67.69907982839419,-5.69907982839419
2015-09-20,45,67.87447689165944,-22.87447689165944
2015-09-21,63,68.16444259601046,-5.16444259601046
2015-09-22,74,68.5627634646754,5.437236535324601
2015-09-23,69,69.05999824425989,-0.0599982442598872
2015-09-24,61,69.65010395420416,-8.650103954204155
2015-09-25,65,70.32700011504573,-5.327000115045735
2015-09-26,58,71.07919993235073,-13.079199932350733
2015-09-27,46,71.89188723661339,-25.891887236613385
2015-09-28,73,72.74207135837014,0.25792864162986007
2015-09-29,73,73.5905791986346,-0.5905791986346003
2015-09-30,67,74.39839886382137,-7.39839886382137
2015-10-01,103,75.12614934834593,27.873850651654067
2015-10-02,117,75.72982564733385,41.270174352666146
2015-10-03,90,76.18284391256799,13.81715608743201
2015-10-04,101,76.48441415480158,24.515585845198416
2015-10-05,63,76.6423821073425,-13.642382107342499
2015-10-06,81,76.67991574465186,4.320084255348135
2015-10-07,83,76.61165655237382,6.388343447626184
2015-10-08,69,76.45494606881208,-7.454946068812077
2015-10-09,73,76.23111854692519,-3.231118546925188
2015-10-10,66,75.95684889837862,-9.956848898378624
2015-10-11,80,75.64679258574604,4.3532074142539585
2015-10-12,86,75.3093820410396,10.690617958960402
2015-10-13,65,74.95577045090533,-9.955770450905334
2015-10-14,85,74.60379263821362,10.39620736178638
2015-10-15,80,74.26506106930304,5.734938930696956
2015-10-16,56,73.9576858401133,-17.9576858401133
2015-10-17,58,73.70336138341568,-15.703361383415682
2015-10-18,43,73.51255857833144,-30.512558578331436
2015-10-19,69,73.38593370311722,-4.385933703117217
2015-10-20,88,73.30507268691818,14.69492731308182
2015-10-21,82,73.24882025031505,8.751179749684951
2015-10-22,86,73.20520544345919,12.794794556540808
2015-10-23,92,73.16772680384554,18.83227319615446
2015-10-24,63,73.13787961556689,-10.137879615566888
2015-10-25,38,73.12892933346362,-35.12892933346362
2015-10-26,88,73.1478052376164,14.852194762383604
2015-10-27,71,73.17948102727246,-2.179481027272459
2015-10-28,80,73.21821302340553,6.781786976594475
2015-10-29,72,73.25689537134727,-1.2568953713472695
2015-10-30,85,73.29266083328972,11.707339166710284
2015-10-31,52,73.32185661181782,-21.32185661181782
2015-11-01,67,73.34814699649573,-6.3481469964957284
2015-11-02,102,73.36187011650523,28.63812988349477
2015-11-03,98,73.3493965091553,24.650603490844702
2015-11-04,61,73.31499554293207,-12.314995542932067
2015-11-05,58,73.27834321350348,-15.278343213503476
2015-11-06,71,73.25141864432311,-2.2514186443231097
2015-11-07,67,73.23665199433614,-6.2366519943361425
2015-11-08,82,73.23506628583505,8.764933714164954
2015-11-09,59,73.2437866336158,-14.243786633615798
2015-11-10,53,73.26541623604577,-20.265416236045766
2015-11-11,84,73.29365592484623,10.706344075153766
2015-11-12,103,73.30954064659102,29.690459353408983
2015-11-13,87,73.3007968129009,13.699203187099101
2015-11-14,79,73.27370737249251,5.72629262750749
2015-11-15,52,73.24311727607446,-21.243117276074457
2015-11-16,34,73.22745040724755,-39.227450407247545
2015-11-17,80,73.23185370131509,6.768146298684911
2015-11-18,96,73.2369569370758,22.763043062924197
2015-11-19,79,73.22761998476503,5.7723800152349725
2015-11-20,80,73.20292961653246,6.797070383467542
2015-11-21,81,73.16558034203729,7.834419657962712
2015-11-22,40,73.12251483992841,-33.122514839928414
2015-11-23,72,73.08557230114094,-1.0855723011409424
2015-11-24,82,73.04589034483512,8.954109655164885
2015-11-25,72,72.9939281074829,-0.9939281074829012
2015-11-26,82,72.92574104409076,9.074258955909244
2015-11-27,69,72.836763404598,-3.8367634045980026
2015-11-28,68,72.72810085079144,-4.728100850791435
2015-11-29,55,72.59846106732999,-17.598461067329993
2015-11-30,83,72.44359667584092,10.556403324159078
2015-12-01,48,72.24826125978433,-24.24826125978433
2015-12-02,109,72.00380615469795,36.996193845302045
2015-12-03,96,71.68642753283214,24.31357246716786
2015-12-04,55,71.29544418759056,-16.29544418759056
2015-12-05,77,70.84537089516886,6.154629104831145
2015-12-06,84,70.34053777914538,13.659462220854621
2015-12-07,53,69.78912160628899,-16.789121606288987
2015-12-08,77,69.20783630725657,7.792163692743429
2015-12-09,61,68.6029026117011,-7.602902611701097
2015-12-10,33,67.98541135158347,-34.985411351583465
2015-12-11,93,67.36170154473226,25.638298455267744
2015-12-12,72,66.71624632688125,5.283753673118753
2015-12-13,36,66.04954277029879,-30.049542770298785
2015-12-14,68,65.36539029329886,2.6346097067011414
2015-12-15,89,64.64880734996399,24.351192650036012
2015-12-16,80,63.88645902544346,16.113540974556543
2015-12-17,84,63.08022990029282,20.91977009970718
2015-12-18,97,62.24207551817678,34.75792448182322
2015-12-19,75,61.3970262790723,13.6029737209277
2015-12-20,47,60.59183628575748,-13.59183628575748
2015-12-21,70,59.88176149958601,10.118238500413987
2015-12-22,65,59.31356298423293,5.686437015767069
2015-12-23,68,58.94032570243601,9.059674297563987
2015-12-24,36,58.818688640067876,-22.818688640067876
2015-12-25,16,59.01095307943713,-43.01095307943713
2015-12-26,38,59.56515862245239,-21.565158622452387
2015-12-27,45,60.50246302534759,-15.502463025347588
2015-12-28,69,61.83054582021762,7.169454179782377
2015-12-29,56,63.54739749976649,-7.54739749976649
2015-12-30,58,65.65548946556055,-7.655489465560549
2015-12-31,25,68.15257599572875,-43.15257599572875
2016-01-01,38,71.03162668748409,-33.03162668748409
2016-01-02,43,74.25864077804219,-31.258640778042192
2016-01-03,64,77.77897273793903,-13.778972737939029
2016-01-04,92,81.5184403872243,10.481559612775698
2016-01-05,95,85.39424968798652,9.605750312013484
2016-01-06,128,89.3301575770721,38.6698424229279
2016-01-07,134,93.25592458527248,40.74407541472752
2016-01-08,114,97.1254798948934,16.874520105106598
2016-01-09,99,100.91821773537494,-1.9182177353749381
2016-01-10,76,104.62407891122274,-28.62407891122274
2016-01-11,72,108.23180534085792,-36.23180534085792
2016-01-12,137,111.71224889338211,25.28775110661789
2016-01-13,118,115.01361655955895,2.9863834404410454
2016-01-14,138,118.09992017459369,19.90007982540631
2016-01-15,165,120.93703806334187,44.06296193665813
2016-01-16,121,123.5032861005499,-2.5032861005499
2016-01-17,101,125.80451951217455,-24.80451951217455
2016-01-18,131,127.84502897035978,3.1549710296402225
2016-01-19,146,129.61360232255444,16.386397677445558
2016-01-20,160,131.10099927310102,28.899000726898976
2016-01-21,181,132.30822102489037,48.69177897510963
2016-01-22,118,133.25433065626768,-15.254330656267683
2016-01-23,135,133.9888236074376,1.0111763925623904
2016-01-24,63,134.55166136194458,-71.55166136194458
2016-01-25,155,134.98343738857838,20.01656261142162
2016-01-26,151,135.28002536777757,15.719974632222431
2016-01-27,112,135.4498093316128,-23.449809331612812
2016-01-28,161,135.51099829629987,25.489001703700126
2016-01-29,161,135.46714514722217,25.53285485277783
2016-01-30,146,135.3377333958279,10.662266604172089
2016-01-31,77,135.15820458784827,-58.158204587848275
2016-02-01,137,134.97066418564205,2.0293358143579496
2016-02-02,155,134.78086877370052,20.21913122629948
2016-02-03,156,134.59584327139888,21.404156728601123
2016-02-04,130,134.43524955512873,-4.435249555128735
2016-02-05,137,134.332127099237,2.667872900763001
2016-02-06,124,134.31674334709874,-10.316743347098736
2016-02-07,86,134.4210331626519,-48.421033162651895
2016-02-08,114,134.6704834452426,-20.67048344524261
2016-02-09,99,135.0603179484904,-36.06031794849039
2016-02-10,103,135.57284137386142,-32.57284137386142
2016-02-11,175,136.16782072410402,38.83217927589598
2016-02-12,192,136.78466497610776,55.21533502389224
2016-02-13,134,137.38705321880963,-3.3870532188096263
2016-02-14,84,137.97317412553656,-53.97317412553656
2016-02-15,139,138.5390994613537,0.46090053864631386
2016-02-16,167,139.04716775749773,27.952832242502268
2016-02-17,160,139.46000560804202,20.539994391957975
2016-02-18,167,139.7577101272114,27.242289872788604
2016-02-19,161,139.93321592572562,21.06678407427438
2016-02-20,131,139.99648404547492,-8.996484045474915
2016-02-21,76,139.97064226839592,-63.97064226839592
2016-02-22,149,139.8731955738968,9.126804426103206
2016-02-23,169,139.68166728996795,29.318332710032053
2016-02-24,143,139.37928499736597,3.6207150026340287
2016-02-25,145,138.96760023479126,6.032399765208737
2016-02-26,160,138.4504274878209,21.54957251217911
2016-02-27,129,137.83535149188526,-8.835351491885262
2016-02-28,91,137.1434254652349,-46.14342546523491
2016-02-29,128,136.39018053143792,-8.39018053143792
2016-03-01,160,135.56230817314653,24.437691826853467
2016-03-02,125,134.64125601018094,-9.641256010180939
2016-03-03,159,133.62374521975318,25.376254780246825
2016-03-04,137,132.500471194069,4.499528805930993
2016-03-05,110,131.27798948457183,-21.277989484571833
2016-03-06,91,129.96566784820868,-38.96566784820868
2016-03-07,139,128.55957529849877,10.440424701501229
2016-03-08,142,127.0314273065562,14.968572693443804
2016-03-09,161,125.35946460893362,35.64053539106638
2016-03-10,150,123.53128330011708,26.46871669988292
2016-03-11,109,121.55675480921205,-12.556754809212052
2016-03-12,124,119.46229351326133,4.537706486738671
2016-03-13,84,117.26646581755202,-33.26646581755202
2016-03-14,126,114.99067419392539,11.009325806074614
2016-03-15,150,112.6355295730867,37.3644704269133
2016-03-16,121,110.2085237143701,10.791476285629898
2016-03-17,142,107.74050117112662,34.259498828873376
2016-03-18,115,105.26905116938573,9.730948830614267
2016-03-19,88,102.853175121945,-14.853175121945
2016-03-20,77,100.55795628462108,-23.557956284621085
2016-03-21,65,98.43919467877951,-33.439194678779515
2016-03-22,125,96.53796660310799,28.46203339689201
2016-03-23,91,94.87444885961999,-3.8744488596199886
2016-03-24,53,93.48660702120202,-40.48660702120202
2016-03-25,46,92.40998513020338,-46.40998513020338
2016-03-26,75,91.6548230995851,-16.6548230995851
2016-03-27,65,91.20235460160181,-26.20235460160181
2016-03-28,97,91.02340404407092,5.976595955929085
2016-03-29,78,91.07241936318377,-13.07241936318377
2016-03-30,93,91.30758386760417,1.6924161323958344
2016-03-31,88,91.67891060389384,-3.67891060389384
2016-04-01,113,92.13747037869729,20.862529621302713
2016-04-02,105,92.6320346795316,12.3679653204684
2016-04-03,92,93.12441407492719,-1.1244140749271878
2016-04-04,93,93.58414911173973,-0.5841491117397339
2016-04-05,105,93.98007757802804,11.019922421971955
2016-04-06,108,94.28067216865611,13.71932783134389
2016-04-07,130,94.46129303000167,35.53870696999833
2016-04-08,128,94.50587488833705,33.49412511166295
2016-04-09,113,94.42056416179084,18.579435838209164
2016-04-10,50,94.23244109668632,-44.232441096686316
2016-04-11,64,93.98019808674574,-29.980198086745744
2016-04-12,101,93.67488225000594,7.325117749994064
2016-04-13,108,93.30880308069945,14.691196919300552
2016-04-14,121,92.87884827165269,28.121151728347314
2016-04-15,107,92.39108751376659,14.608912486233407
2016-04-16,85,91.86916621777232,-6.869166217772317
2016-04-17,66,91.3458603647049,-25.345860364704905
2016-04-18,91,90.84965270671324,0.15034729328675667
2016-04-19,80,90.39318483321827,-10.393184833218271
2016-04-20,103,89.9891923006993,13.010807699300699
2016-04-21,79,89.64391492511487,-10.64391492511487
2016-04-22,90,89.37172427723557,0.6282757227644282
2016-04-23,88,89.18033948100381,-1.1803394810038128
2016-04-24,46,89.07787233268877,-43.07787233268877
2016-04-25,83,89.07169691638396,-6.0716969163839565
2016-04-26,92,89.14226364597504,2.857736354024965
2016-04-27,86,89.2662281247749,-3.266228124774898
2016-04-28,103,89.42203204131772,13.57796795868228
2016-04-29,113,89.58607569155971,23.413924308440286
2016-04-30,83,89.74324560143127,-6.743245601431269
2016-05-01,77,89.89306199955556,-12.893061999555556
2016-05-02,103,90.03083058605483,12.969169413945167
2016-05-03,103,90.1437988973017,12.856201102698293
2016-05-04,92,90.22732020055248,1.7726797994475163
2016-05-05,110,90.28478288875267,19.715217111247327
2016-05-06,97,90.32068327972245,6.679316720277555
2016-05-07,88,90.35183970197657,-2.351839701976573
2016-05-08,47,90.39924505697998,-43.39924505697998
2016-05-09,64,90.48242234638386,-26.482422346383856
2016-05-10,95,90.59377004367877,4.406229956321226
2016-05-11,107,90.70913510838875,16.29086489161125
2016-05-12,121,90.80711839376053,30.192881606239467
2016-05-13,85,90.87650254359811,-5.876502543598107
2016-05-14,90,90.92494075270928,-0.9249407527092757
2016-05-15,56,90.95641340181209,-34.956413401812085
2016-05-16,94,90.97432278365406,3.0256772163459402
2016-05-17,100,90.9602234326066,9.039776567393403
2016-05-18,106,90.89756093130127,15.102439068698729
2016-05-19,108,90.77543072272424,17.224569277275762
2016-05-20,119,90.59236727427967,28.407632725720333
2016-05-21,86,90.35767040916991,-4.357670409169913
2016-05-22,68,90.09839472105102,-22.098394721051022
2016-05-23,91,89.8388712595733,1.1611287404267046
2016-05-24,98,89.58961957768636,8.410380422313636
2016-05-25,94,89.36188493380254,4.638115066197457
2016-05-26,103,89.17216907409815,13.82783092590185
2016-05-27,96,89.03987256666585,6.960127433334151
2016-05-28,62,88.99303837392695,-26.99303837392695
2016-05-29,40,89.06405953794862,-49.06405953794862
2016-05-30,45,89.26845845181431,-44.26845845181431
2016-05-31,84,89.5910924713962,-5.591092471396195
2016-06-01,112,89.9891511660341,22.010848833965895
2016-06-02,107,90.41632967227325,16.58367032772675
2016-06-03,122,90.84007990718005,31.159920092819945
2016-06-04,104,91.23821858177578,12.761781418224217
2016-06-05,59,91.60803735713966,-32.608037357139665
2016-06-06,60,91.95480400773732,-31.954804007737323
2016-06-07,123,92.26340628468625,30.736593715313745
2016-06-08,124,92.49876018659907,31.50123981340093
2016-06-09,109,92.64499208316053,16.35500791683947
2016-06-10,98,92.70591661893874,5.294083381061256
2016-06-11,96,92.69557031844982,3.3044296815501752
2016-06-12,53,92.631298508323,-39.631298508323
2016-06-13,97,92.53251178373844,4.4674882162615575
2016-06-14,98,92.39385117830858,5.60614882169142
2016-06-15,112,92.21274990578104,19.78725009421896
2016-06-16,88,91.990145022917,-3.9901450229170052
2016-06-17,116,91.73934061778658,24.26065938221342
2016-06-18,77,91.47114693782054,-14.471146937820535
2016-06-19,66,91.21153714256357,-25.21153714256357
2016-06-20,96,90.97743992472425,5.022560075275749
2016-06-21,99,90.77002676629704,8.229973233702964
2016-06-22,86,90.59360824932348,-4.593608249323481
2016-06-23,81,90.45763868911624,-9.457638689116237
2016-06-24,104,90.36870139583206,13.631298604167938
2016-06-25,87,90.32746865544708,-3.3274686554470776
2016-06-26,53,90.34313231556492,-37.343132315564915
2016-06-27,99,90.4228045558796,8.577195444120406
2016-06-28,100,90.5502580983879,9.4497419016121
2016-06-29,88,90.71462641223917,-2.71462641223917
2016-06-30,81,90.91094905527135,-9.910949055271345
2016-07-01,117,91.13256894381465,25.867431056185353
2016-07-02,96,91.3666346510398,4.633365348960197
2016-07-03,67,91.61646189452766,-24.61646189452766
2016-07-04,60,91.88826224520211,-31.888262245202114
2016-07-05,96,92.17286198530303,3.8271380146969705
2016-07-06,103,92.44115723316702,10.558842766832981
2016-07-07,122,92.66643606838986,29.333563931610144
2016-07-08,114,92.82858584729667,21.171414152703335
2016-07-09,126,92.92582740366983,33.07417259633017
2016-07-10,47,92.96961370513714,-45.969613705137135
2016-07-11,82,92.99206907719915,-10.992069077199147
2016-07-12,103,92.9965868367907,10.003413163209302
2016-07-13,110,92.97969025767338,17.020309742326617
2016-07-14,105,92.94415474683585,12.05584525316415
2016-07-15,100,92.9033934048557,7.096606595144294
2016-07-16,92,92.8783542355938,-0.8783542355938039
2016-07-17,55,92.89442062203297,-37.89442062203297
2016-07-18,99,92.97642697575876,6.023573024241244
2016-07-19,96,93.12552369546796,2.8744763045320383
2016-07-20,68,93.34662591299747,-25.346625912997467
2016-07-21,111,93.64644530787449,17.353554692125513
2016-07-22,112,94.01585191843057,17.98414808156943
2016-07-23,93,94.45656175467987,-1.4565617546798677
2016-07-24,47,94.98153091918749,-47.98153091918749
2016-07-25,93,95.6028051634219,-2.6028051634219054
2016-07-26,102,96.30244178202705,5.697558217972954
2016-07-27,101,97.06087131641968,3.9391286835803214
2016-07-28,95,97.86208528190275,-2.8620852819027505
2016-07-29,100,98.69253714920643,1.30746285079357
2016-07-30,85,99.53689158575969,-14.53689158575969
2016-07-31,53,100.38063042327326,-47.38063042327326
2016-08-01,124,101.20014993621682,22.799850063783182
2016-08-02,115,101.94223350504551,13.057766494954492
2016-08-03,124,102.56791441650427,21.432085583495734
2016-08-04,142,103.04638706139743,38.953612938602575
2016-08-05,132,103.36024088401899,28.639759115981008
2016-08-06,97,103.51641133674968,-6.516411336749684
2016-08-07,76,103.53973372141772,-27.53973372141772
2016-08-08,135,103.45097058276576,31.549029417234237
2016-08-09,133,103.2536721319606,29.7463278680394
2016-08-10,110,102.97110672355477,7.028893276445231
2016-08-11,118,102.64513416701828,15.354865832981716
2016-08-12,92,102.32200733011891,-10.322007330118907
2016-08-13,83,102.05757587176997,-19.05757587176997
2016-08-14,62,101.9012381963035,-39.901238196303495
2016-08-15,63,101.89048172313161,-38.890481723131614
2016-08-16,106,102.03785559779385,3.9621444022061496
2016-08-17,100,102.33160241475275,-2.3316024147527514
2016-08-18,111,102.76244110872226,8.237558891277743
2016-08-19,131,103.31963336290706,27.680366637092945
2016-08-20,96,103.99758933481891,-7.997589334818912
2016-08-21,63,104.80801941111784,-41.80801941111784
2016-08-22,85,105.75763548512967,-20.75763548512967
2016-08-23,88,106.82701943804827,-18.827019438048268
2016-08-24,104,107.98377962888931,-3.983779628889309
2016-08-25,141,109.18375752951974,31.81624247048026
2016-08-26,128,110.38030474953845,17.619695250461547
2016-08-27,105,111.54665805008847,-6.5466580500884675
2016-08-28,69,112.66706650184437,-43.667066501844374
2016-08-29,91,113.72168751419937,-22.721687514199374
2016-08-30,114,114.66338657998304,-0.6633865799830403
2016-08-31,141,115.43082813732858,25.569171862671425
2016-09-01,170,115.96226200775664,54.037737992243365
2016-09-02,158,116.21191874520207,41.78808125479793
2016-09-03,148,116.16780248984489,31.832197510155112
2016-09-04,104,115.84403493264946,-11.844034932649464
2016-09-05,122,115.2746328880239,6.725367111976098
2016-09-06,114,114.48621064854346,-0.4862106485434623
2016-09-07,139,113.50958586122836,25.49041413877164
2016-09-08,122,112.37527229144355,9.624727708556449
2016-09-09,138,111.12971521339078,26.87028478660922
2016-09-10,91,109.82537535608974,-18.825375356089737
2016-09-11,69,108.53150737655169,-39.53150737655169
2016-09-12,98,107.30560007219029,-9.305600072190288
2016-09-13,94,106.18043504830888,-12.18043504830888
2016-09-14,88,105.18297791016568,-17.182977910165675
2016-09-15,112,104.3325814911137,7.6674185088863
2016-09-16,103,103.63785926331204,-0.6378592633120377
2016-09-17,91,103.11221683548783,-12.112216835487828
2016-09-18,73,102.76866115432858,-29.768661154328584
2016-09-19,95,102.61262903099959,-7.612629030999585
2016-09-20,88,102.63095186344478,-14.630951863444778
2016-09-21,122,102.80570315646375,19.19429684353625
2016-09-22,98,103.10981206994136,-5.109812069941356
2016-09-23,115,103.52820419928966,11.471795800710339
2016-09-24,92,104.04261150737705,-12.042611507377046
2016-09-25,67,104.64193582944736,-37.64193582944736
2016-09-26,94,105.30755236855234,-11.307552368552336
2016-09-27,132,105.99731011785026,26.00268988214974
2016-09-28,115,106.66199085026908,8.338009149730922
2016-09-29,97,107.26862801991308,-10.26862801991308
2016-09-30,134,107.7894663366051,26.210533663394898
2016-10-01,119,108.19033261765554,10.809667382344458
2016-10-02,78,108.45343526391446,-30.453435263914457
2016-10-03,126,108.56773871834588,17.43226128165412
2016-10-04,125,108.50317402687386,16.496825973126136
2016-10-05,135,108.24056739872353,26.759432601276472
2016-10-06,145,107.77105555935309,37.22894444064691
2016-10-07,147,107.10249987959662,39.89750012040338
2016-10-08,122,106.26602982056357,15.733970179436426
2016-10-09,59,105.31771078093874,-46.31771078093874
2016-10-10,90,104.32344189076898,-14.323441890768976
2016-10-11,108,103.32017371086307,4.679826289136926
2016-10-12,107,102.33590465084812,4.664095349151879
2016-10-13,96,101.40155801178193,-5.40155801178193
2016-10-14,106,100.55097215431553,5.449027845684469
2016-10-15,96,99.81460946534263,-3.8146094653426275
2016-10-16,40,99.22633797416046,-59.22633797416046
2016-10-17,63,98.81764157915046,-35.81764157915046
2016-10-18,101,98.58298771746023,2.4170122825397726
2016-10-19,95,98.49445780025039,-3.4944578002503874
2016-10-20,115,98.52564387135811,16.474356128641887
2016-10-21,122,98.64795393849545,23.352046061504552
2016-10-22,90,98.84309248195491,-8.843092481954912
2016-10-23,78,99.10735901081739,-21.10735901081739
2016-10-24,95,99.43152610136265,-4.43152610136265
2016-10-25,108,99.79317423048869,8.206825769511312
2016-10-26,116,100.16711417128019,15.83288582871981
2016-10-27,108,100.53328596292778,7.466714037072222
2016-10-28,91,100.88152519826497,-9.881525198264967
2016-10-29,106,101.20633416639842,4.79366583360158
2016-10-30,62,101.49603920318593,-39.49603920318593
2016-10-31,98,101.74196268563126,-3.7419626856312647
2016-11-01,102,101.91074196623613,0.0892580337638691
2016-11-02,128,101.96667567082363,26.033324329176367
2016-11-03,135,101.87411821148798,33.12588178851202
2016-11-04,148,101.61369482802908,46.38630517197092
2016-11-05,124,101.1867344363646,22.813265563635397
2016-11-06,85,100.62355739314472,-15.623557393144722
2016-11-07,63,99.9687423459969,-36.9687423459969
2016-11-08,123,99.2571032191779,23.742896780822093
2016-11-09,108,98.50034847297823,9.499651527021769
2016-11-10,100,97.72502587817647,2.274974121823533
2016-11-11,110,96.96362048775552,13.03637951224448
2016-11-12,86,96.25003921352442,-10.250039213524417
2016-11-13,53,95.62633670448734,-42.62633670448734
2016-11-14,59,95.12816133514002,-36.12816133514002
2016-11-15,99,94.76452001953783,4.235479980462173
2016-11-16,108,94.52183957090168,13.478160429098324
2016-11-17,113,94.38919397744026,18.610806022559743
2016-11-18,95,94.36408107763042,0.6359189223695836
2016-11-19,87,94.45563046371308,-7.455630463713078
2016-11-20,66,94.6733691772557,-28.673369177255694
2016-11-21,77,95.02216449078588,-18.022164490785883
2016-11-22,111,95.48896282109547,15.51103717890453
2016-11-23,95,96.0494467321695,-1.0494467321694998
2016-11-24,107,96.6889931862298,10.311006813770206
2016-11-25,110,97.39232324129068,12.607676758709317
2016-11-26,84,98.15060233462512,-14.15060233462512
2016-11-27,60,98.9628757014803,-38.9628757014803
2016-11-28,68,99.81934445064425,-31.81934445064425
2016-11-29,92,100.68585789359156,-8.68585789359156
2016-11-30,105,101.50837825151513,3.4916217484848744
2016-12-01,139,102.22743908442428,36.772560915575724
2016-12-02,141,102.78575621592113,38.214243784078874
2016-12-03,111,103.14902832018007,7.850971679819935
2016-12-04,92,103.30683797374056,-11.306837973740556
2016-12-05,131,103.25367461044192,27.74632538955808
2016-12-06,145,102.97696089038996,42.02303910961004
2016-12-07,129,102.48146092705895,26.518539072941053
2016-12-08,64,101.79820323336668,-37.79820323336668
2016-12-09,96,100.97479040915157,-4.9747904091515665
2016-12-10,99,100.03520117723122,-1.0352011772312153
2016-12-11,76,99.00030501641751,-23.000305016417514
2016-12-12,92,97.8903244047866,-5.890324404786597
2016-12-13,103,96.71110662977934,6.288893370220663
2016-12-14,109,95.46481752608352,13.535182473916478
2016-12-15,122,94.15755348674335,27.842446513256647
2016-12-16,115,92.80387039384922,22.196129606150777
2016-12-17,87,91.43572565856229,-4.435725658562291
2016-12-18,73,90.09894927304757,-17.098949273047566
2016-12-19,77,88.83659890093347,-11.836598900933467
2016-12-20,98,87.68104536255275,10.318954637447249
2016-12-21,88,86.65726160392515,1.34273839607485
2016-12-22,100,85.79666991771873,14.20333008228127
2016-12-23,101,85.13153180809914,15.86846819190086
2016-12-24,53,84.70298586053343,-31.70298586053343
2016-12-25,34,84.56208845310863,-50.56208845310863
2016-12-26,53,84.74008159774898,-31.740081597748983
2016-12-27,76,85.23660600109554,-9.236606001095538
2016-12-28,109,86.03146481879072,22.968535181209276
2016-12-29,107,87.09868832772634,19.901311672273664
2016-12-30,122,88.42666213928243,33.57333786071757
2016-12-31,58,90.01621018463425,-32.01621018463425
2017-01-01,47,91.88913973111997,-44.88913973111997
2017-01-02,77,94.04724791471233,-17.04724791471233
2017-01-03,81,96.4642761590522,-15.464276159052204
2017-01-04,90,99.10331135783377,-9.103311357833775
2017-01-05,129,101.91777523215177,27.08222476784823
2017-01-06,129,104.85539993350228,24.144600066497716
2017-01-07,101,107.88084400386126,-6.880844003861256
2017-01-08,67,110.97385636024616,-43.97385636024616
2017-01-09,62,114.10988539217202,-52.10988539217202
2017-01-10,148,117.23689582892872,30.763104171071276
2017-01-11,136,120.27028372143606,15.729716278563942
2017-01-12,144,123.14467206072072,20.855327939279277
2017-01-13,165,125.80451491048353,39.19548508951647
2017-01-14,149,128.20730091438725,20.792699085612753
2017-01-15,96,130.33501589427556,-34.33501589427556
2017-01-16,155,132.18264110892068,22.817358891079323
2017-01-17,171,133.7236984321608,37.2763015678392
2017-01-18,145,134.94597058714118,10.054029412858824
2017-01-19,149,135.86053798548693,13.139462014513072
2017-01-20,177,136.48476480720632,40.51523519279368
2017-01-21,138,136.84422739606657,1.1557726039334284
2017-01-22,101,136.9898241178304,-35.98982411783041
2017-01-23,126,136.97317569613813,-10.973175696138128
2017-01-24,155,136.82340921455645,18.17659078544355
2017-01-25,130,136.56279352184202,-6.562793521842025
2017-01-26,137,136.22495783599234,0.7750421640076581
2017-01-27,138,135.83942962905368,2.160570370946317
2017-01-28,127,135.43622077442484,-8.43622077442484
2017-01-29,100,135.04669350198637,-35.04669350198637
2017-01-30,107,134.69693740363482,-27.69693740363482
2017-01-31,122,134.39113788782788,-12.391137887827881
2017-02-01,165,134.11616977714604,30.88383022285396
2017-02-02,136,133.85116343298978,2.148836567010221
2017-02-03,140,133.59455161064898,6.405448389351022
2017-02-04,139,133.34611008826792,5.6538899117320796
2017-02-05,93,133.10961804923426,-40.10961804923426
2017-02-06,129,132.89238835813035,-3.892388358130347
2017-02-07,144,132.6766653682579,11.323334631742114
2017-02-08,148,132.44226069019476,15.557739309805243
2017-02-09,138,132.17606301866397,5.823936981336033
2017-02-10,149,131.8746846354569,17.1253153645431
2017-02-11,138,131.53837778297836,6.461622217021642
2017-02-12,87,131.17809802573595,-44.17809802573595
2017-02-13,147,130.808839442123,16.191160557876998
2017-02-14,126,130.41798479926678,-4.417984799266776
2017-02-15,155,130.0030363396433,24.9969636603567
2017-02-16,136,129.558735065229,6.441264934770999
2017-02-17,144,129.095445080288,14.904554919712012
2017-02-18,131,128.62755627966862,2.3724437203313755
2017-02-19,96,128.17877390504404,-32.17877390504404
2017-02-20,101,127.77428597541257,-26.774285975412567
2017-02-21,138,127.41916877608197,10.580831223918025
2017-02-22,146,127.1017646636254,18.898235336374597
2017-02-23,125,126.81702901413091,-1.8170290141309096
2017-02-24,136,126.5717286007718,9.428271399228194
2017-02-25,121,126.37149455358758,-5.371494553587581
2017-02-26,83,126.22785067224224,-43.22785067224224
2017-02-27,117,126.1489635723039,-9.148963572303899
2017-02-28,126,126.11598246267056,-0.11598246267055856
2017-03-01,124,126.10433845000745,-2.1043384500074467
2017-03-02,137,126.08939015194059,10.910609848059408
2017-03-03,167,126.0451809745648,40.9548190254352
2017-03-04,134,125.95257345512988,8.04742654487012
2017-03-05,97,125.81802689277649,-28.818026892776487
2017-03-06,108,125.65303022823583,-17.653030228235835
2017-03-07,133,125.45106113543109,7.54893886456891
2017-03-08,138,125.19456414439267,12.805435855607328
2017-03-09,152,124.87070187194138,27.129298128058622
2017-03-10,142,124.47464033230784,17.525359667692157
2017-03-11,127,124.01850135105273,2.981498648947266
2017-03-12,85,123.52536010352897,-38.52536010352897
2017-03-13,120,123.02015520174501,-3.0201552017450126
2017-03-14,126,122.50374690764468,3.4962530923553174
2017-03-15,142,121.97510788617068,20.024892113829324
2017-03-16,125,121.43539596044847,3.5646040395515257
2017-03-17,133,120.8982845111747,12.101715488825306
2017-03-18,122,120.37967479657058,1.6203252034294167
2017-03-19,82,119.90303164703796,-37.90303164703796
2017-03-20,71,119.49283259623081,-48.49283259623081
2017-03-21,138,119.14986578302373,18.850134216976272
2017-03-22,102,118.84461132591872,-16.84461132591872
2017-03-23,112,118.55933067730342,-6.5593306773034215
2017-03-24,155,118.26575740748672,36.73424259251328
2017-03-25,124,117.93152550510419,6.06847449489581
2017-03-26,77,117.54722786041171,-40.54722786041171
2017-03-27,104,117.10725016022441,-13.10725016022441
2017-03-28,124,116.58063607394476,7.41936392605524
2017-03-29,119,115.92823723962508,3.0717627603749236
2017-03-30,127,115.11554239777142,11.88445760222858
2017-03-31,135,114.10996014061516,20.890039859384842
2017-04-01,179,112.88632684638903,66.11367315361097
2017-04-02,87,111.4325351682379,-24.432535168237905
2017-04-03,138,109.77779880502769,28.222201194972314
2017-04-04,131,107.93606112114419,23.063938878855808
2017-04-05,135,105.93890435672002,29.061095643279984
2017-04-06,115,103.8323257136871,11.167674286312902
2017-04-07,123,101.68048557875434,21.319514421245657
2017-04-08,95,99.55452413505958,-4.55452413505958
2017-04-09,51,97.53890626225382,-46.53890626225382
2017-04-10,78,95.71525026240374,-17.715250262403742
2017-04-11,83,94.13608762116212,-11.136087621162119
2017-04-12,87,92.84287779276774,-5.842877792767737
2017-04-13,54,91.87012017669616,-37.87012017669616
2017-04-14,25,91.24866237380252,-66.24866237380252
2017-04-15,69,90.98568315983151,-21.98568315983151
2017-04-16,57,91.04695589654423,-34.04695589654423
2017-04-17,100,91.38451289372681,8.615487106273193
2017-04-18,111,91.92910711372997,19.07089288627003
2017-04-19,103,92.61687619834595,10.383123801654051
2017-04-20,102,93.39587709742085,8.60412290257915
2017-04-21,130,94.22065621317671,35.77934378682329
2017-04-22,97,95.05113752464966,1.9488624753503387
2017-04-23,68,95.86960710074254,-27.86960710074254
2017-04-24,104,96.65956904940523,7.340430950594765
2017-04-25,132,97.38710897414964,34.61289102585036
2017-04-26,116,98.02290024783174,17.977099752168257
2017-04-27,112,98.5592493001987,13.440750699801299
2017-04-28,121,98.99969824834277,22.000301751657233
2017-04-29,102,99.35618967854364,2.643810321456357
2017-04-30,57,99.65441636567583,-42.65441636567583
2017-05-01,63,99.92172346606468,-36.92172346606468
2017-05-02,127,100.15879712580697,26.84120287419303
2017-05-03,103,100.34324741383325,2.6567525861667463
2017-05-04,121,100.46946015087035,20.530539849129653
2017-05-05,131,100.53348162801144,30.466518371988556
2017-05-06,122,100.54418972375544,21.455810276244563
2017-05-07,51,100.52950389058367,-49.52950389058367
2017-05-08,94,100.53075346240016,-6.530753462400156
2017-05-09,108,100.55831183317727,7.441688166822729
2017-05-10,91,100.61847067597343,-9.618470675973427
2017-05-11,121,100.72217271895124,20.277827281048758
2017-05-12,108,100.87434914610091,7.125650853899089
2017-05-13,92,101.0926047834632,-9.092604783463202
2017-05-14,44,101.39899798886255,-57.39899798886255
2017-05-15,79,101.80990424213383,-22.809904242133825
2017-05-16,112,102.30582464936887,9.694175350631127
2017-05-17,114,102.85300412650824,11.146995873491761
2017-05-18,105,103.42374644908656,1.5762535509134352
2017-05-19,130,103.9973222650594,26.002677734940605
2017-05-20,116,104.55398738085157,11.446012619148433
2017-05-21,73,105.0902492764722,-32.09024927647221
2017-05-22,100,105.6097691898174,-5.609769189817399
2017-05-23,111,106.0961519529854,4.9038480470146055
2017-05-24,120,106.52949629233089,13.47050370766911
2017-05-25,122,106.89296583923797,15.107034160762026
2017-05-26,140,107.17814328990801,32.82185671009199
2017-05-27,97,107.38605323689292,-10.38605323689292
2017-05-28,78,107.53823393318842,-29.538233933188422
2017-05-29,57,107.64973234851716,-50.64973234851716
2017-05-30,120,107.71713405639368,12.282865943606325
2017-05-31,121,107.70536854761465,13.294631452385346
2017-06-01,143,107.58704210419157,35.41295789580843
2017-06-02,112,107.34307015279363,4.656929847206371
2017-06-03,120,106.97650121877487,13.023498781225129
2017-06-04,76,106.49329440864386,-30.493294408643862
2017-06-05,117,105.90754851564739,11.092451484352608
2017-06-06,94,105.21430402402686,-11.214304024026859
2017-06-07,130,104.41553420020138,25.584465799798622
2017-06-08,106,103.5062033705751,2.4937966294249065
2017-06-09,128,102.497266152677,25.502733847323
2017-06-10,112,101.40123578692949,10.59876421307051
2017-06-11,71,100.2465647224095,-29.246564722409502
2017-06-12,88,99.06832963582718,-11.068329635827183
2017-06-13,101,97.88332810094113,3.116671899058872
2017-06-14,113,96.70143998548761,16.29856001451239
2017-06-15,105,95.53449307713984,9.465506922860158
2017-06-16,114,94.40450176358007,19.595498236419928
2017-06-17,84,93.3393963743174,-9.339396374317403
2017-06-18,61,92.37935442525867,-31.37935442525867
2017-06-19,51,91.55871630957675,-40.55871630957675
2017-06-20,101,90.89221032392881,10.107789676071192
2017-06-21,97,90.36921556727852,6.630784432721484
2017-06-22,87,89.98542850713707,-2.9854285071370725
2017-06-23,107,89.74068985128618,17.259310148713823
2017-06-24,80,89.63297441469058,-9.63297441469058
2017-06-25,66,89.6710440811579,-23.671044081157902
2017-06-26,53,89.85764012548663,-36.857640125486625
2017-06-27,84,90.18070941992445,-6.1807094199244546
2017-06-28,87,90.60516281164062,-3.605162811640625
2017-06-29,120,91.0920482044169,28.907951795583102
2017-06-30,129,91.60016027527777,37.39983972472223
2017-07-01,102,92.10636117112,9.89363882888
2017-07-02,58,92.61088793866827,-34.61088793866827
2017-07-03,56,93.12016114891532,-37.120161148915315
2017-07-04,119,93.61896956789218,25.38103043210782
2017-07-05,96,94.06890186091178,1.9310981390882205
2017-07-06,112,94.4474098373071,17.552590162692894
2017-07-07,101,94.73315224274808,6.266847757251924
2017-07-08,107,94.91575819175631,12.08424180824369
2017-07-09,71,94.98877357870177,-23.988773578701768
2017-07-10,93,94.95329694908456,-1.9532969490845602
2017-07-11,112,94.79543386491807,17.204566135081933
2017-07-12,113,94.50006907762253,18.499930922377473
2017-07-13,106,94.0628401924526,11.937159807547403
2017-07-14,113,93.49094727148957,19.509052728510426
2017-07-15,89,92.79905110169436,-3.79905110169436
2017-07-16,65,92.01400562798321,-27.01400562798321
2017-07-17,102,91.16029038833375,10.839709611666251
2017-07-18,88,90.24550116720617,-2.2455011672061715
2017-07-19,95,89.28400856756785,5.715991432432148
2017-07-20,60,88.28877975415665,-28.28877975415665
2017-07-21,91,87.27635438635568,3.7236456136443223
2017-07-22,79,86.24559163620171,-7.245591636201709
2017-07-23,51,85.19767795423999,-34.19767795423999
2017-07-24,102,84.12927129624322,17.870728703756782
2017-07-25,87,83.01565606926266,3.9843439307373387
2017-07-26,98,81.84328588578947,16.15671411421053
2017-07-27,108,80.60110457327144,27.398895426728558
2017-07-28,98,79.28815390547783,18.711846094522173
2017-07-29,74,77.9205999658196,-3.920599965819605
2017-07-30,38,76.52630374151691,-38.52630374151691
2017-07-31,73,75.13067584481125,-2.1306758448112504
